{
  "sonkusalehimanshi@gmail.com": {
    "password": "kuki@21",
    "name": "Himanshi Sonkusale"
  },
  "himanshi.sonkusale@gmail.com": {
    "password": "chetana21",
    "name": "Chetana"
  },
  "chetana.son@gmail.com": {
    "password": "Manoj13",
    "name": "Chetana Son"
  },
  "himanshu.yadav@gmail.com": {
    "password": "12",
    "name": "Himanshu Yadav"
  },
  "vidishaa2709deo@gmail.com": {
    "password": "12345678",
    "name": "Vidishaa Deo"
  },
  "vidishaa.24bce10196@vitbhopal.ac.in": {
    "password": "123456789",
    "name": "Himanshi"
  },
  "sachijha24@gmail.com": {
    "password": "1234",
    "name": "Matangi Sharma"
  },
  "himanshi.sharma@gmail.com": {
    "password": "1234",
    "name": "himanshi sharma"
  },
  "sunidhichauhan@gmail.com": {
    "password": "1234567890",
    "name": "Sunidhi Chauhan"
  },
  "sachi.st.dps@gmail.com": {
    "password": "1234",
    "name": "Sachi Jha"
  },
  "shreyasaxena@gmail.com": {
    "password": "1235",
    "name": "Shreya Saxena"
  }
}